<?xml version='1.0' encoding='UTF-8'?>
<!-- AUTOGENERATED BY deps-to-manifest.py; DO NOT EDIT -->
<manifest>

  <default revision='refs/heads/main'
           remote='chromium'
           sync-c='true'
           sync-j='8' />

  <remote  name='github'
           fetch='https://github.com/'
           review='' />

  <remote  name='chromium'
           fetch='https://chromium.googlesource.com/'
           review='https://chromium-review.googlesource.com' />

  <project path='src'
           name='breakpad/breakpad'
           revision='refs/heads/main'
           remote='chromium' />

  <project path='src/src/tools/gyp'
           name='external/gyp/'
           revision='324dd166b7c0b39d513026fa52d6280ac6d56770'
           remote='chromium' />

  <project path='src/src/testing'
           name='google/googletest.git'
           revision='4fe018038f87675c083d0cfb6a6b57c274fb1753'
           remote='github' />

  <project path='src/src/third_party/lss'
           name='linux-syscall-support/'
           revision='fd00dbbd0c06a309c657d89e9430143b179ff6db'
           remote='chromium' />

  <project path='src/src/third_party/protobuf/protobuf'
           name='google/protobuf.git'
           revision='cb6dd4ef5f82e41e06179dcd57d3b1d9246ad6ac'
           remote='github' />

</manifest>
